"Path","Slice Name","Alias(s)","Label","Min","Max","Must Support?","Is Modifier?","Is Summary?","Type(s)","Short","Definition","Comments","Requirements","Default Value","Meaning When Missing","Fixed Value","Pattern","Example","Minimum Value","Maximum Value","Maximum Length","Binding Strength","Binding Description","Binding Value Set","Code","Slicing Discriminator","Slicing Description","Slicing Ordered","Slicing Rules","Base Path","Base Min","Base Max","Condition(s)","Constraint(s)","Mapping: RR LM","Mapping: Workflow Mapping","Mapping: W5 Mapping","Mapping: Object Implementation Information","Mapping: RIM Mapping"
"PlanDefinition","","","",0,*,"","","","","The definition of a plan for a series of actions, independent of any specific patient or context","This profile defines the case report definitions for reportable conditions.","","","","","","","","","",,,,,"",,,,"PlanDefinition",0,*,"","dom-2:If the resource is contained in another resource, it SHALL NOT contain nested Resources {contained.contained.empty()}
dom-1:If the resource is contained in another resource, it SHALL NOT contain any narrative {contained.text.empty()}dom-4:If a resource is contained in another resource, it SHALL NOT have a meta.versionId or a meta.lastUpdated {contained.meta.versionId.empty() and contained.meta.lastUpdated.empty()}dom-3:If the resource is contained in another resource, it SHALL be referred to from elsewhere in the resource {contained.where(('#'+id in %resource.descendants().reference).not()).empty()}","Definition","clinical.general","Entity. Role, or Act"
"PlanDefinition.id","","","",0,1,"","","Y","id
","Logical id of this artifact","The logical id of the resource, as used in the URL for the resource. Once assigned, this value never changes.","The only time that a resource does not have an id is when it is being submitted to the server using a create operation.","","","","","","","","",,,,,"",,,,"Resource.id",0,1,"",""
"PlanDefinition.meta","","","",0,1,"","","Y","Meta
","Metadata about the resource","The metadata about the resource. This is content that is maintained by the infrastructure. Changes to the content may not always be associated with version changes to the resource.","","","","","","","","","",,,,,"",,,,"Resource.meta",0,1,"",""
"PlanDefinition.implicitRules","","","",0,1,"","Y","Y","uri
","A set of rules under which this content was created","A reference to a set of rules that were followed when the resource was constructed, and which must be understood when processing the content.","Asserting this rule set restricts the content to be only understood by a limited set of trading partners. This inherently limits the usefulness of the data in the long term. However, the existing health eco-system is highly fractured, and not yet ready to define, collect, and exchange data in a generally computable sense. Wherever possible, implementers and/or specification writers should avoid using this element. 

This element is labelled as a modifier because the implicit rules may provide additional knowledge about the resource that modifies it's meaning or interpretation.","","","","","","","","",,,,,"",,,,"Resource.implicitRules",0,1,"",""
"PlanDefinition.language","","","",0,1,"","","","code
","Language of the resource content","The base language in which the resource is written.","Language is provided to support indexing and accessibility (typically, services such as text to speech use the language tag). The html language tag in the narrative applies  to the narrative. The language tag on the resource may be used to specify the language of other presentations generated from the data in the resource  Not all the content has to be in the base language. The Resource.language should not be assumed to apply to the narrative automatically. If a language is specified, it should it also be specified on the div element in the html (see rules in HTML5 for information about the relationship between xml:lang and the html lang attribute).","","","","","","","","",,"extensible","A human language.","http://hl7.org/fhir/ValueSet/languages","",,,,"Resource.language",0,1,"",""
"PlanDefinition.text","","narrative
htmlxhtmldisplay","",0,1,"","","","Narrative
","Text summary of the resource, for human interpretation","A human-readable narrative that contains a summary of the resource, and may be used to represent the content of the resource to a human. The narrative need not encode all the structured data, but is required to contain sufficient detail to make it ""clinically safe"" for a human to just read the narrative. Resource definitions may define what content should be represented in the narrative to ensure clinical safety.","Contained resources do not have narrative. Resources that are not contained SHOULD have a narrative. In some cases, a resource may only have text with little or no additional discrete data (as long as all minOccurs=1 elements are satisfied).  This may be necessary for data from legacy systems where information is captured as a ""text blob"" or where text is additionally entered raw or narrated and encoded in formation is added later.","","","","","","","","",,,,,"",,,,"DomainResource.text",0,1,"dom-1
","","Act.text?"
"PlanDefinition.contained","","inline resources
anonymous resourcescontained resources","",0,*,"","","","Resource
","Contained, inline Resources","These resources do not have an independent existence apart from the resource that contains them - they cannot be identified independently, and nor can they have their own independent transaction scope.","This should never be done when the content can be identified properly, as once identification is lost, it is extremely difficult (and context dependent) to restore it again.","","","","","","","","",,,,,"",,,,"DomainResource.contained",0,*,"","","N/A"
"PlanDefinition.extension","","extensions
user content","",0,*,"","","","Extension
","Additional Content defined by implementations","May be used to represent additional information that is not part of the basic definition of the resource. In order to make the use of extensions safe and manageable, there is a strict set of governance  applied to the definition and use of extensions. Though any implementer is allowed to define an extension, there is a set of requirements that SHALL be met as part of the definition of the extension.","There can be no stigma associated with the use of extensions by any application, project, or standard - regardless of the institution or jurisdiction that uses or defines the extensions.  The use of extensions is what allows the FHIR specification to retain a core level of simplicity for everyone.","","","","","","","","",,,,,"",,,,"DomainResource.extension",0,*,"","","N/A"
"PlanDefinition.modifierExtension","","extensions
user content","",0,*,"","Y","","Extension
","Extensions that cannot be ignored","May be used to represent additional information that is not part of the basic definition of the resource, and that modifies the understanding of the element that contains it. Usually modifier elements provide negation or qualification. In order to make the use of extensions safe and manageable, there is a strict set of governance applied to the definition and use of extensions. Though any implementer is allowed to define an extension, there is a set of requirements that SHALL be met as part of the definition of the extension. Applications processing a resource are required to check for modifier extensions.","There can be no stigma associated with the use of extensions by any application, project, or standard - regardless of the institution or jurisdiction that uses or defines the extensions.  The use of extensions is what allows the FHIR specification to retain a core level of simplicity for everyone.","","","","","","","","",,,,,"",,,,"DomainResource.modifierExtension",0,*,"","","N/A"
"PlanDefinition.url","","","",0,1,"","","Y","uri
","Logical URI to reference this plan definition (globally unique)","An absolute URI that is used to identify this plan definition when it is referenced in a specification, model, design or an instance. This SHALL be a URL, SHOULD be globally unique, and SHOULD be an address at which this plan definition is (or will be) published. The URL SHOULD include the major version of the plan definition. For more information see [Technical and Business Versions](resource.html#versions).","Can be a urn:uuid: or a urn:oid:, but real http: addresses are preferred.  Multiple instances may share the same url if they have a distinct version.","Allows the plan definition to be referenced by a single globally unique identifier.","","","","","","","",,,,,"",,,,"PlanDefinition.url",0,1,"","","Definition.url","id"
"PlanDefinition.identifier","","","",0,*,"","","Y","Identifier
","Additional identifier for the plan definition","A formal identifier that is used to identify this plan definition when it is represented in other formats, or referenced in a specification, model, design or an instance.","Typically, this is used for identifiers that can go in an HL7 V3 II (instance identifier) data type, e.g., to identify this plan definition outside of FHIR, where it is not possible to use the logical URI.","Allows externally provided and/or usable business identifiers to be easily associated with the module.","","","","","","","",,,,,"",,,,"PlanDefinition.identifier",0,*,"","","Definition.identifier","id","no-gen-base"
"PlanDefinition.version","","","",0,1,"","","Y","string
","Business version of the plan definition","The identifier that is used to identify this version of the plan definition when it is referenced in a specification, model, design or instance. This is an arbitrary value managed by the plan definition author and is not expected to be globally unique. For example, it might be a timestamp (e.g. yyyymmdd) if a managed version is not available. There is also no expectation that versions can be placed in a lexicographical sequence. To provide a version consistent with the Decision Support Service specification, use the format Major.Minor.Revision (e.g. 1.0.0). For more information on versioning knowledge assets, refer to the Decision Support Service specification. Note that a version is required for non-experimental active artifacts.","There may be different plan definition instances that have the same identifier but different versions.  The version can be appended to the url in a reference to allow a refrence to a particular business version of the plan definition with the format [url]|[version].","","","","","","","","",,,,,"",,,,"PlanDefinition.version",0,1,"","","Definition.version","id.version"
"PlanDefinition.name","","","",0,1,"","","Y","string
","Name for this plan definition (computer friendly)","A natural language name identifying the plan definition. This name should be usable as an identifier for the module by machine processing applications such as code generation.","The name is not expected to be globally unique. The name should be a simple alpha-numeric type name to ensure that it is computable friendly.","Support human navigation and code generation.","","","","","","","",,,,,"",,,,"PlanDefinition.name",0,1,"",""
"PlanDefinition.title","","","",0,1,"","","Y","string
","Name for this plan definition (human friendly)","A short, descriptive, user-friendly title for the plan definition.","This name does not need to be machine-processing friendly and may contain punctuation, white-space, etc.","","","","","","","","",,,,,"",,,,"PlanDefinition.title",0,1,"","","Definition.title"
"PlanDefinition.type","","","",0,1,"","","Y","CodeableConcept
","order-set | protocol | eca-rule","The type of asset the plan definition represents, e.g. an order set, protocol, or event-condition-action rule.","","","","","","","","","",,"extensible","The type of PlanDefinition","http://hl7.org/fhir/ValueSet/plan-definition-type","",,,,"PlanDefinition.type",0,1,"",""
"PlanDefinition.status","","","",1,1,"","Y","Y","code
","draft | active | retired | unknown","The status of this plan definition. Enables tracking the life-cycle of the content.","Allows filtering of plan definitions that are appropriate for use vs. not.  
This is labeled as ""Is Modifier"" because applications should not use a retired plan definition without due consideration.","","","","","","","","",,"required","The lifecycle status of a Value Set or Concept Map.","http://hl7.org/fhir/ValueSet/publication-status","",,,,"PlanDefinition.status",1,1,"","","Definition.status (different ValueSet)","status"
"PlanDefinition.experimental","","","",0,1,"","Y","Y","boolean
","For testing purposes, not real usage","A boolean value to indicate that this plan definition is authored for testing purposes (or education/evaluation/marketing), and is not intended to be used for genuine usage.","Allows filtering of plan definition that are appropriate for use vs. not. This is labeled as ""Is Modifier"" because applications should not use an experimental plan definition in production.","Enables experimental content to be developed following the same lifecycle that would be used for a production-level plan definition.","","","","","","","",,,,,"",,,,"PlanDefinition.experimental",0,1,"","","Definition.experimental","class"
"PlanDefinition.date","","Revision Date
","",0,1,"","","Y","dateTime
","Date this was last changed","The date  (and optionally time) when the plan definition was published. The date must change if and when the business version changes and it must change if the status code changes. In addition, it should change when the substantive content of the plan definition changes.","Note that this is not the same as the resource last-modified-date, since the resource may be a secondary representation of the plan definition. Additional specific dates may be added as extensions or be found by consulting Provenances associated with past versions of the resource.","","","","","","","","",,,,,"",,,,"PlanDefinition.date",0,1,"","","Definition.date","when.recorded"
"PlanDefinition.publisher","","","",0,1,"Y","","Y","string
","Authoring Agency Name","The name of the PHA that authored reporting specifications in the PHA system (or its intermediary).","Usually an organization, but may be an individual. The publisher (or steward) of the plan definition is the organization or individual primarily responsible for the maintenance and upkeep of the plan definition. This is not necessarily the same individual or organization that developed and initially authored the content. The publisher is the primary point of contact for questions or issues with the plan definition. This item SHOULD be populated unless the information is available from context.","Helps establish the ""authority/credibility"" of the plan definition.  May also allow for contact.","","","","","","","",,,,,"",,,,"PlanDefinition.publisher",0,1,"","","RR.authoringAgency.name","Definition.publisher (as string instead of Reference)","who.witness"
"PlanDefinition.publisher.id","","","",0,1,"","","","string
","xml:id (or equivalent in JSON)","unique id for the element within a resource (for internal references)","","","","","","","","","",,,,,"",,,,"Element.id",0,1,"",""
"PlanDefinition.publisher.extension","","","",0,*,"","","","Extension
","Extension","An Extension","","","","","","","","","",,,,,"","value:url}
","",,"open","Element.extension",0,*,"",""
"PlanDefinition.publisher.extension","publisherCode","","",0,1,"Y","","","Extension {http://fhir.hl7.org/us/case-reporting/StructureDefinition/extension-publisher-code}
","Authoring Agency Code","A code indicating the PHA that authored reporting  specifications in the PHA system (or its intermediary).","","","","","","","","","",,,,,"",,,,"Element.extension",0,*,"ele-1
","ele-1:All FHIR elements must have a @value or children {hasValue() | (children().count() > id.count())}
ext-1:Must have either extensions or value[x], not both {extension.exists() != value.exists()}","RR.authoringAgency.code"
"PlanDefinition.publisher.extension","publisherDescription","","",0,1,"Y","","","Extension {http://fhir.hl7.org/us/case-reporting/StructureDefinition/extension-organization-description}
","Authoring Agency Description","The description of the PHA that authored reporting  specifications in the PHA system (or its intermediary) .   This element includes contact information such as telephone, fax, email, URL for the PHA that authored reporting specifications in the PHA system (or its intermediary).","","","","","","","","","",,,,,"",,,,"Element.extension",0,*,"ele-1
","ele-1:All FHIR elements must have a @value or children {hasValue() | (children().count() > id.count())}
ext-1:Must have either extensions or value[x], not both {extension.exists() != value.exists()}","RR.authoringAgency.description"
"PlanDefinition.publisher.value","","","",0,1,"","","","null
","Primitive value for string","The actual value","","","","","","","","","",1048576,,,,"",,,,"string.value",0,1,"",""
"PlanDefinition.description","","","",0,1,"","","Y","markdown
","Natural language description of the plan definition","A free text natural language description of the plan definition from a consumer's perspective.","This description can be used to capture details such as why the plan definition was built, comments about misuse, instructions for clinical use and interpretation, literature references, examples from the paper world, etc. It is not a rendering of the plan definition as conveyed in the 'text' field of the resource itself. This item SHOULD be populated unless the information is available from context (e.g. the language of the profile is presumed to be the predominant language in the place the profile was created).","","","","","","","","",,,,,"",,,,"PlanDefinition.description",0,1,"","","Definition.description"
"PlanDefinition.purpose","","","",0,1,"","","","markdown
","Why this plan definition is defined","Explaination of why this plan definition is needed and why it has been designed as it has.","This element does not describe the usage of the plan definition Instead  it provides traceability of ''why'' the resource is either needed or ''why'' it is defined as it is.  This may be used to point to source materials or specifications that drove the structure of this plan definition.","","","","","","","","",,,,,"",,,,"PlanDefinition.purpose",0,1,"","","Definition.purpose","why","no-gen-base"
"PlanDefinition.usage","","","",0,1,"","","","string
","Describes the clinical usage of the asset","A detailed description of how the asset is used from a clinical perspective.","","","","","","","","","",,,,,"",,,,"PlanDefinition.usage",0,1,"",""
"PlanDefinition.approvalDate","","","",0,1,"","","","date
","When the plan definition was approved by publisher","The date on which the resource content was approved by the publisher. Approval happens once when the content is officially approved for usage.","The 'date' element may be more recent than the approval date because of minor changes / editorial corrections.","","","","","","","","",,,,,"",,,,"PlanDefinition.approvalDate",0,1,"","","Definition.approvalDate","no-gen-base"
"PlanDefinition.lastReviewDate","","","",0,1,"","","","date
","When the plan definition was last reviewed","The date on which the resource content was last reviewed. Review happens periodically after approval, but doesn't change the original approval date.","If specified, this is usually after the approval date.","Gives a sense of how ""current"" the content is.  Resources that have not been reviewed in a long time may have a risk of being less appropriate/relevant.","","","","","","","",,,,,"",,,,"PlanDefinition.lastReviewDate",0,1,"","","Definition.lastReviewDate","no-gen-base"
"PlanDefinition.effectivePeriod","","","",0,1,"","","Y","Period
","When the plan definition is expected to be used","The period during which the plan definition content was or is planned to be in active use.","The effective period for a plan definition  determines when the content is applicable for usage and is independent of publication and review dates. For example, a measure intended to be used for the year 2016 might be published in 2015.","Allows establishing a transition before a resource comes into effect and also allows for a sunsetting  process when new versions of a the plan definition are or are expected to be used instead.","","","","","","","",,,,,"",,,,"PlanDefinition.effectivePeriod",0,1,"","","Definition.effectivePeriod","no-gen-base"
"PlanDefinition.useContext","","","",0,*,"","","Y","UsageContext
","Context the content is intended to support","The content was developed with a focus and intent of supporting the contexts that are listed. These terms may be used to assist with indexing and searching for appropriate plan definition instances.","When multiple useContexts are specified, there is no expectation whether all or any of the contexts apply.","Assist in searching for appropriate content.","","","","","","","",,,,,"",,,,"PlanDefinition.useContext",0,*,"","","Definition.useContext"
"PlanDefinition.jurisdiction","","","",0,*,"","","Y","CodeableConcept
","Intended jurisdiction for plan definition (if applicable)","A legal or geographic region in which the plan definition is intended to be used.","It may be possible for the plan definition to be used in jurisdictions other than those for which it was originally designed or intended.","","","","","","","","",,"extensible","Countries and regions within which this artifact is targeted for use","http://hl7.org/fhir/ValueSet/jurisdiction","",,,,"PlanDefinition.jurisdiction",0,*,"","","Definition.jurisdiction"
"PlanDefinition.topic","","","",0,*,"","","","CodeableConcept
","E.g. Education, Treatment, Assessment, etc","Descriptive topics related to the content of the plan definition. Topics provide a high-level categorization of the definition that can be useful for filtering and searching.","","Repositories must be able to determine how to categorize the asset so that it can be found by topical searches.","","","","","","","",,"example","High-level categorization of the definition, used for searching, sorting, and filtering","http://hl7.org/fhir/ValueSet/definition-topic","",,,,"PlanDefinition.topic",0,*,"","","Definition.subjectCodableConcept"
"PlanDefinition.contributor","","","",0,*,"","","","Contributor
","A content contributor","A contributor to the content of the asset, including authors, editors, reviewers, and endorsers.","","Consumers of the content must be able to quickly determine who contributed to the content of the asset.","","","","","","","",,,,,"",,,,"PlanDefinition.contributor",0,*,"",""
"PlanDefinition.contact","","","",0,*,"Y","","Y","ContactDetail
","Authoring Agency Contact Information","Contact information such as telephone, fax, email, URL for the PHA that authored reporting specifications in the PHA system (or its intermediary).","May be a web site, an email address, a telephone number, etc.","","","","","","","","",,,,,"",,,,"PlanDefinition.contact",0,*,"","","RR.authoringAgency.contactInformation","Definition.contact"
"PlanDefinition.contact.id","","","",0,1,"","","","string
","xml:id (or equivalent in JSON)","unique id for the element within a resource (for internal references). This may be any string value that does not contain spaces.","","","","","","","","","",,,,,"",,,,"Element.id",0,1,"","","n/a"
"PlanDefinition.contact.extension","","extensions
user content","",0,*,"","","","Extension
","Additional Content defined by implementations","May be used to represent additional information that is not part of the basic definition of the element. In order to make the use of extensions safe and manageable, there is a strict set of governance  applied to the definition and use of extensions. Though any implementer is allowed to define an extension, there is a set of requirements that SHALL be met as part of the definition of the extension.","There can be no stigma associated with the use of extensions by any application, project, or standard - regardless of the institution or jurisdiction that uses or defines the extensions.  The use of extensions is what allows the FHIR specification to retain a core level of simplicity for everyone.","","","","","","","","",,,,,"","value:url}
","Extensions are always sliced by (at least) url",,"open","Element.extension",0,*,"","","n/a"
"PlanDefinition.contact.extension","contactAddress","","",0,1,"Y","","","Extension {http://fhir.hl7.org/us/case-reporting/StructureDefinition/extension-contact-address}
","Authoring Agency Address Information","The physical address of the PHA that authored reportin specifications in the PHA system (or its intermediary).","","","","","","","","","",,,,,"",,,,"Element.extension",0,*,"","","RR.authoringAgency.address"
"PlanDefinition.contact.extension.id","","","",0,1,"","","","string
","xml:id (or equivalent in JSON)","unique id for the element within a resource (for internal references). This may be any string value that does not contain spaces.","","","","","","","","","",,,,,"",,,,"Element.id",0,1,"","","n/a"
"PlanDefinition.contact.extension.extension","","extensions
user content","",0,*,"","","","Extension
","Additional Content defined by implementations","May be used to represent additional information that is not part of the basic definition of the element. In order to make the use of extensions safe and manageable, there is a strict set of governance  applied to the definition and use of extensions. Though any implementer is allowed to define an extension, there is a set of requirements that SHALL be met as part of the definition of the extension.","There can be no stigma associated with the use of extensions by any application, project, or standard - regardless of the institution or jurisdiction that uses or defines the extensions.  The use of extensions is what allows the FHIR specification to retain a core level of simplicity for everyone.","","","","","","","","",,,,,"","value:url}
","Extensions are always sliced by (at least) url",,"open","Element.extension",0,*,"","","n/a"
"PlanDefinition.contact.extension.url","","","",1,1,"","","","uri
","identifies the meaning of the extension","Source of the definition for the extension code - a logical name or a URL.","The definition may point directly to a computable or human-readable definition of the extensibility codes, or it may be a logical URI as declared in some other specification. The definition SHALL be a URI for the Structure Definition defining the extension.","","","","<valueUri xmlns=""http://hl7.org/fhir"" value=""http://fhir.hl7.org/us/case-reporting/StructureDefinition/extension-contact-address""/>","","","","",,,,,"",,,,"Extension.url",1,1,"","","N/A"
"PlanDefinition.contact.extension.valueAddress","","","",0,1,"","","","Address
","Value of extension","Value of extension - may be a resource or one of a constrained set of the data types (see Extensibility in the spec for list).","","","","","","","","","",,,,,"",,,,"Extension.value[x]",0,1,"","","N/A"
"PlanDefinition.contact.name","","","",0,1,"","","Y","string
","Name of an individual to contact","The name of an individual to contact.","If there is no named individual, the telecom information is for the organization as a whole.","","","","","","","","",,,,,"",,,,"ContactDetail.name",0,1,"",""
"PlanDefinition.contact.telecom","","","",0,*,"","","Y","ContactPoint
","Contact details for individual or organization","The contact details for the individual (if a name was provided) or the organization.","","","","","","","","","",,,,,"",,,,"ContactDetail.telecom",0,*,"",""
"PlanDefinition.copyright","","License
Restrictions","",0,1,"","","","markdown
","Use and/or publishing restrictions","A copyright statement relating to the plan definition and/or its contents. Copyright statements are generally legal restrictions on the use and publishing of the plan definition.","","Consumers must be able to determine any legal restrictions on the use of the plan definition and/or its content.","","","","","","","",,,,,"",,,,"PlanDefinition.copyright",0,1,"","","Definition.copyright","no-gen-base"
"PlanDefinition.relatedArtifact","","","",0,*,"Y","","","RelatedArtifact
","External Resource","The description of link which may assist “providers” or “reporters” in understanding or investigating conditions.","Each related artifact is either an attachment, or a reference to another resource, but not both.","Assets must be able to provide enough information for consumers of the content (and/or interventions or results produced by the content) to be able to determine and understand the justification for and evidence in support of the content.","","","","","","","",,,,,"",,,,"PlanDefinition.relatedArtifact",0,*,"","","RR.externalResource"
"PlanDefinition.relatedArtifact.id","","","",0,1,"","","","string
","xml:id (or equivalent in JSON)","unique id for the element within a resource (for internal references). This may be any string value that does not contain spaces.","","","","","","","","","",,,,,"",,,,"Element.id",0,1,"","","n/a"
"PlanDefinition.relatedArtifact.extension","","extensions
user content","",0,*,"","","","Extension
","Additional Content defined by implementations","May be used to represent additional information that is not part of the basic definition of the element. In order to make the use of extensions safe and manageable, there is a strict set of governance  applied to the definition and use of extensions. Though any implementer is allowed to define an extension, there is a set of requirements that SHALL be met as part of the definition of the extension.","There can be no stigma associated with the use of extensions by any application, project, or standard - regardless of the institution or jurisdiction that uses or defines the extensions.  The use of extensions is what allows the FHIR specification to retain a core level of simplicity for everyone.","","","","","","","","",,,,,"","value:url}
","Extensions are always sliced by (at least) url",,"open","Element.extension",0,*,"","","n/a"
"PlanDefinition.relatedArtifact.extension","resourceCategory","","",0,1,"Y","","","Extension {http://fhir.hl7.org/us/case-reporting/StructureDefinition/extension-rel-artifact-category}
","External Resource Category","Type/category of one or more external resources.","","","","","","","","","",,,,,"",,,,"Element.extension",0,*,"","","RR.externalResource.category"
"PlanDefinition.relatedArtifact.extension.id","","","",0,1,"","","","string
","xml:id (or equivalent in JSON)","unique id for the element within a resource (for internal references). This may be any string value that does not contain spaces.","","","","","","","","","",,,,,"",,,,"Element.id",0,1,"","","n/a"
"PlanDefinition.relatedArtifact.extension.extension","","extensions
user content","",0,*,"","","","Extension
","Additional Content defined by implementations","May be used to represent additional information that is not part of the basic definition of the element. In order to make the use of extensions safe and manageable, there is a strict set of governance  applied to the definition and use of extensions. Though any implementer is allowed to define an extension, there is a set of requirements that SHALL be met as part of the definition of the extension.","There can be no stigma associated with the use of extensions by any application, project, or standard - regardless of the institution or jurisdiction that uses or defines the extensions.  The use of extensions is what allows the FHIR specification to retain a core level of simplicity for everyone.","","","","","","","","",,,,,"","value:url}
","Extensions are always sliced by (at least) url",,"open","Element.extension",0,*,"","","n/a"
"PlanDefinition.relatedArtifact.extension.url","","","",1,1,"","","","uri
","identifies the meaning of the extension","Source of the definition for the extension code - a logical name or a URL.","The definition may point directly to a computable or human-readable definition of the extensibility codes, or it may be a logical URI as declared in some other specification. The definition SHALL be a URI for the Structure Definition defining the extension.","","","","<valueUri xmlns=""http://hl7.org/fhir"" value=""http://fhir.hl7.org/us/case-reporting/StructureDefinition/extension-rel-artifact-category""/>","","","","",,,,,"",,,,"Extension.url",1,1,"","","N/A"
"PlanDefinition.relatedArtifact.extension.valueCode","","","",0,1,"","","","code
","Value of extension","Value of extension - may be a resource or one of a constrained set of the data types (see Extensibility in the spec for list).","","","","","","","","","",,"extensible","Type/category of one or more external resources","ValueSet/ext-resource-category","",,,,"Extension.value[x]",0,1,"","","N/A"
"PlanDefinition.relatedArtifact.extension","priority","","",0,1,"Y","","","Extension {http://fhir.hl7.org/us/case-reporting/StructureDefinition/extension-rel-artifact-priority}
","External Resource Priority","Priority given to one or more external resources.","","","","","","","","","",,,,,"",,,,"Element.extension",0,*,"","","RR.externalResource.priority"
"PlanDefinition.relatedArtifact.extension.id","","","",0,1,"","","","string
","xml:id (or equivalent in JSON)","unique id for the element within a resource (for internal references). This may be any string value that does not contain spaces.","","","","","","","","","",,,,,"",,,,"Element.id",0,1,"","","n/a"
"PlanDefinition.relatedArtifact.extension.extension","","extensions
user content","",0,*,"","","","Extension
","Additional Content defined by implementations","May be used to represent additional information that is not part of the basic definition of the element. In order to make the use of extensions safe and manageable, there is a strict set of governance  applied to the definition and use of extensions. Though any implementer is allowed to define an extension, there is a set of requirements that SHALL be met as part of the definition of the extension.","There can be no stigma associated with the use of extensions by any application, project, or standard - regardless of the institution or jurisdiction that uses or defines the extensions.  The use of extensions is what allows the FHIR specification to retain a core level of simplicity for everyone.","","","","","","","","",,,,,"","value:url}
","Extensions are always sliced by (at least) url",,"open","Element.extension",0,*,"","","n/a"
"PlanDefinition.relatedArtifact.extension.url","","","",1,1,"","","","uri
","identifies the meaning of the extension","Source of the definition for the extension code - a logical name or a URL.","The definition may point directly to a computable or human-readable definition of the extensibility codes, or it may be a logical URI as declared in some other specification. The definition SHALL be a URI for the Structure Definition defining the extension.","","","","<valueUri xmlns=""http://hl7.org/fhir"" value=""http://fhir.hl7.org/us/case-reporting/StructureDefinition/extension-rel-artifact-priority""/>","","","","",,,,,"",,,,"Extension.url",1,1,"","","N/A"
"PlanDefinition.relatedArtifact.extension.valueCode","","","",0,1,"","","","code
","Value of extension","Value of extension - may be a resource or one of a constrained set of the data types (see Extensibility in the spec for list).","","","","","","","","","",,"extensible","Priority given to one or more external resources","ValueSet/ext-resource-priority","",,,,"Extension.value[x]",0,1,"","","N/A"
"PlanDefinition.relatedArtifact.type","","","",1,1,"Y","","Y","code
","documentation | justification | citation | predecessor | successor | derived-from | depends-on | composed-of","The type of relationship to the related artifact.","","","","","<valueCode xmlns=""http://hl7.org/fhir"" value=""doucmentation""/>","","","","",,"required","The type of relationship to the related artifact","http://hl7.org/fhir/ValueSet/related-artifact-type","",,,,"RelatedArtifact.type",1,1,"",""
"PlanDefinition.relatedArtifact.display","","","",0,1,"Y","","Y","string
","External Resource Description","The description of link which may assist “providers” or “reporters” in understanding or investigating conditions deemed reportable by the PHA system (or its intermediary).","","","","","","","","","",,,,,"",,,,"RelatedArtifact.display",0,1,"","","RR.externalResource.description"
"PlanDefinition.relatedArtifact.citation","","","",0,1,"","","Y","string
","Bibliographic citation for the artifact","A bibliographic citation for the related artifact. This text SHOULD be formatted according to an accepted citation format.","Additional structured information about citations should be captured as extensions.","","","","","","","","",,,,,"",,,,"RelatedArtifact.citation",0,1,"",""
"PlanDefinition.relatedArtifact.url","","","",0,1,"Y","","Y","uri
","External Resource Link","A link which may assist “providers” or “reporters” in understanding or investigating conditions deemed reportable by the PHA system (or its intermediary).","If a document or resource element is present, this element SHALL NOT be provided (use the url or reference in the Attachment or resource reference).","","","","","","","","",,,,,"",,,,"RelatedArtifact.url",0,1,"","","RR.externalResource.link"
"PlanDefinition.relatedArtifact.document","","","",0,1,"","","Y","Attachment
","What document is being referenced","The document being referenced, represented as an attachment. This is exclusive with the resource element.","","","","","","","","","",,,,,"",,,,"RelatedArtifact.document",0,1,"",""
"PlanDefinition.relatedArtifact.resource","","","",0,1,"","","Y","Reference {http://hl7.org/fhir/StructureDefinition/Resource}
","What resource is being referenced","The related resource, such as a library, value set, profile, or other knowledge resource.","If the type is predecessor, this is a reference to the succeeding knowledge resource. If the type is successor, this is a reference to the prior knowledge resource.","","","","","","","","",,,,,"",,,,"RelatedArtifact.resource",0,1,"",""
"PlanDefinition.library","","","",0,*,"","","","Reference {http://hl7.org/fhir/StructureDefinition/Library}
","Logic used by the plan definition","A reference to a Library resource containing any formal logic used by the plan definition.","","","","","","","","","",,,,,"",,,,"PlanDefinition.library",0,*,"",""
"PlanDefinition.goal","","","",0,*,"","","","BackboneElement
","What the plan is trying to accomplish","Goals that describe what the activities within the plan are intended to achieve. For example, weight loss, restoring an activity of daily living, obtaining herd immunity via immunization, meeting a process improvement objective, etc.","","Goal information needs to be captured for order sets, protocols, and care plan definitions to better describe the objectives of the protocol activities and to guide the creation of specific goals within the derived care plans and orders.","","","","","","","",,,,,"",,,,"PlanDefinition.goal",0,*,"","ele-1:All FHIR elements must have a @value or children {hasValue() | (children().count() > id.count())}
"
"PlanDefinition.goal.id","","","",0,1,"","","","string
","xml:id (or equivalent in JSON)","unique id for the element within a resource (for internal references). This may be any string value that does not contain spaces.","","","","","","","","","",,,,,"",,,,"Element.id",0,1,"","","n/a"
"PlanDefinition.goal.extension","","extensions
user content","",0,*,"","","","Extension
","Additional Content defined by implementations","May be used to represent additional information that is not part of the basic definition of the element. In order to make the use of extensions safe and manageable, there is a strict set of governance  applied to the definition and use of extensions. Though any implementer is allowed to define an extension, there is a set of requirements that SHALL be met as part of the definition of the extension.","There can be no stigma associated with the use of extensions by any application, project, or standard - regardless of the institution or jurisdiction that uses or defines the extensions.  The use of extensions is what allows the FHIR specification to retain a core level of simplicity for everyone.","","","","","","","","",,,,,"",,,,"Element.extension",0,*,"","","n/a"
"PlanDefinition.goal.modifierExtension","","extensions
user contentmodifiers","",0,*,"","Y","Y","Extension
","Extensions that cannot be ignored","May be used to represent additional information that is not part of the basic definition of the element, and that modifies the understanding of the element that contains it. Usually modifier elements provide negation or qualification. In order to make the use of extensions safe and manageable, there is a strict set of governance applied to the definition and use of extensions. Though any implementer is allowed to define an extension, there is a set of requirements that SHALL be met as part of the definition of the extension. Applications processing a resource are required to check for modifier extensions.","There can be no stigma associated with the use of extensions by any application, project, or standard - regardless of the institution or jurisdiction that uses or defines the extensions.  The use of extensions is what allows the FHIR specification to retain a core level of simplicity for everyone.","","","","","","","","",,,,,"",,,,"BackboneElement.modifierExtension",0,*,"","","N/A"
"PlanDefinition.goal.category","","","",0,1,"","","","CodeableConcept
","E.g. Treatment, dietary, behavioral, etc","Indicates a category the goal falls within.","","","","","","","","","",,"example","Example codes for grouping goals for filtering or presentation","http://hl7.org/fhir/ValueSet/goal-category","",,,,"PlanDefinition.goal.category",0,1,"",""
"PlanDefinition.goal.description","","","",1,1,"","","","CodeableConcept
","Code or text describing the goal","Human-readable and/or coded description of a specific desired objective of care, such as ""control blood pressure"" or ""negotiate an obstacle course"" or ""dance with child at wedding"".","If no code is available, use CodeableConcept.text.","","","","","","","","",,"example","Describes goals that can be achieved","http://hl7.org/fhir/ValueSet/clinical-findings","",,,,"PlanDefinition.goal.description",1,1,"",""
"PlanDefinition.goal.priority","","","",0,1,"","","","CodeableConcept
","high-priority | medium-priority | low-priority","Identifies the expected level of importance associated with reaching/sustaining the defined goal.","","","","","","","","","",,"preferred","Indicates the level of importance associated with reaching or sustaining a goal","http://hl7.org/fhir/ValueSet/goal-priority","",,,,"PlanDefinition.goal.priority",0,1,"",""
"PlanDefinition.goal.start","","","",0,1,"","","","CodeableConcept
","When goal pursuit begins","The event after which the goal should begin being pursued.","","","","","","","","","",,"example","Identifies the types of events that might trigger the start of a goal","http://hl7.org/fhir/ValueSet/goal-start-event","",,,,"PlanDefinition.goal.start",0,1,"",""
"PlanDefinition.goal.addresses","","","",0,*,"","","","CodeableConcept
","What does the goal address","Identifies problems, conditions, issues, or concerns the goal is intended to address.","","","","","","","","","",,"example","Identifies problems, conditions, issues, or concerns that goals may address","http://hl7.org/fhir/ValueSet/condition-code","",,,,"PlanDefinition.goal.addresses",0,*,"",""
"PlanDefinition.goal.documentation","","","",0,*,"","","","RelatedArtifact
","Supporting documentation for the goal","Didactic or other informational resources associated with the goal that provide further supporting information about the goal. Information resources can include inline text commentary and links to web resources.","","","","","","","","","",,,,,"",,,,"PlanDefinition.goal.documentation",0,*,"",""
"PlanDefinition.goal.target","","","",0,*,"","","","BackboneElement
","Target outcome for the goal","Indicates what should be done and within what timeframe.","","","","","","","","","",,,,,"",,,,"PlanDefinition.goal.target",0,*,"","ele-1:All FHIR elements must have a @value or children {hasValue() | (children().count() > id.count())}
"
"PlanDefinition.goal.target.id","","","",0,1,"","","","string
","xml:id (or equivalent in JSON)","unique id for the element within a resource (for internal references). This may be any string value that does not contain spaces.","","","","","","","","","",,,,,"",,,,"Element.id",0,1,"","","n/a"
"PlanDefinition.goal.target.extension","","extensions
user content","",0,*,"","","","Extension
","Additional Content defined by implementations","May be used to represent additional information that is not part of the basic definition of the element. In order to make the use of extensions safe and manageable, there is a strict set of governance  applied to the definition and use of extensions. Though any implementer is allowed to define an extension, there is a set of requirements that SHALL be met as part of the definition of the extension.","There can be no stigma associated with the use of extensions by any application, project, or standard - regardless of the institution or jurisdiction that uses or defines the extensions.  The use of extensions is what allows the FHIR specification to retain a core level of simplicity for everyone.","","","","","","","","",,,,,"",,,,"Element.extension",0,*,"","","n/a"
"PlanDefinition.goal.target.modifierExtension","","extensions
user contentmodifiers","",0,*,"","Y","Y","Extension
","Extensions that cannot be ignored","May be used to represent additional information that is not part of the basic definition of the element, and that modifies the understanding of the element that contains it. Usually modifier elements provide negation or qualification. In order to make the use of extensions safe and manageable, there is a strict set of governance applied to the definition and use of extensions. Though any implementer is allowed to define an extension, there is a set of requirements that SHALL be met as part of the definition of the extension. Applications processing a resource are required to check for modifier extensions.","There can be no stigma associated with the use of extensions by any application, project, or standard - regardless of the institution or jurisdiction that uses or defines the extensions.  The use of extensions is what allows the FHIR specification to retain a core level of simplicity for everyone.","","","","","","","","",,,,,"",,,,"BackboneElement.modifierExtension",0,*,"","","N/A"
"PlanDefinition.goal.target.measure","","","",0,1,"","","","CodeableConcept
","The parameter whose value is to be tracked","The parameter whose value is to be tracked, e.g. body weigth, blood pressure, or hemoglobin A1c level.","","","","","","","","","",,"example","Identifies types of parameters that can be tracked to determine goal achievement","http://hl7.org/fhir/ValueSet/observation-codes","",,,,"PlanDefinition.goal.target.measure",0,1,"",""
"PlanDefinition.goal.target.detail[x]","","","",0,1,"","","","Quantity
RangeCodeableConcept","The target value to be achieved","The target value of the measure to be achieved to signify fulfillment of the goal, e.g. 150 pounds or 7.0%. Either the high or low or both values of the range can be specified. Whan a low value is missing, it indicates that the goal is achieved at any value at or below the high value. Similarly, if the high value is missing, it indicates that the goal is achieved at any value at or above the low value.","","","","","","","","","",,,,,"",,,,"PlanDefinition.goal.target.detail[x]",0,1,"",""
"PlanDefinition.goal.target.due","","","",0,1,"","","","Duration
","Reach goal within","Indicates the timeframe after the start of the goal in which the goal should be met.","","","","","","","","","",,,,,"",,,,"PlanDefinition.goal.target.due",0,1,"",""
"PlanDefinition.action","","","",0,*,"","","","BackboneElement
","Action defined by the plan","An action to be taken as part of the plan.","","","","","","","","","",,,,,"",,,,"PlanDefinition.action",0,*,"","ele-1:All FHIR elements must have a @value or children {hasValue() | (children().count() > id.count())}
","Is a contained Definition"
"PlanDefinition.action.id","","","",0,1,"","","","string
","xml:id (or equivalent in JSON)","unique id for the element within a resource (for internal references). This may be any string value that does not contain spaces.","","","","","","","","","",,,,,"",,,,"Element.id",0,1,"","","n/a"
"PlanDefinition.action.extension","","extensions
user content","",0,*,"","","","Extension
","Additional Content defined by implementations","May be used to represent additional information that is not part of the basic definition of the element. In order to make the use of extensions safe and manageable, there is a strict set of governance  applied to the definition and use of extensions. Though any implementer is allowed to define an extension, there is a set of requirements that SHALL be met as part of the definition of the extension.","There can be no stigma associated with the use of extensions by any application, project, or standard - regardless of the institution or jurisdiction that uses or defines the extensions.  The use of extensions is what allows the FHIR specification to retain a core level of simplicity for everyone.","","","","","","","","",,,,,"",,,,"Element.extension",0,*,"","","n/a"
"PlanDefinition.action.modifierExtension","","extensions
user contentmodifiers","",0,*,"","Y","Y","Extension
","Extensions that cannot be ignored","May be used to represent additional information that is not part of the basic definition of the element, and that modifies the understanding of the element that contains it. Usually modifier elements provide negation or qualification. In order to make the use of extensions safe and manageable, there is a strict set of governance applied to the definition and use of extensions. Though any implementer is allowed to define an extension, there is a set of requirements that SHALL be met as part of the definition of the extension. Applications processing a resource are required to check for modifier extensions.","There can be no stigma associated with the use of extensions by any application, project, or standard - regardless of the institution or jurisdiction that uses or defines the extensions.  The use of extensions is what allows the FHIR specification to retain a core level of simplicity for everyone.","","","","","","","","",,,,,"",,,,"BackboneElement.modifierExtension",0,*,"","","N/A"
"PlanDefinition.action.label","","","",0,1,"","","","string
","User-visible label for the action (e.g. 1. or A.)","A user-visible label for the action.","","","","","","","","","",,,,,"",,,,"PlanDefinition.action.label",0,1,"",""
"PlanDefinition.action.title","","","",0,1,"","","","string
","User-visible title","The title of the action displayed to a user.","","","","","","","","","",,,,,"",,,,"PlanDefinition.action.title",0,1,"","","Definition.title"
"PlanDefinition.action.description","","","",0,1,"","","","string
","Short description of the action","A short description of the action used to provide a summary to display to the user.","","","","","","","","","",,,,,"",,,,"PlanDefinition.action.description",0,1,"","","Definition.description"
"PlanDefinition.action.textEquivalent","","","",0,1,"","","","string
","Static text equivalent of the action, used if the dynamic aspects cannot be interpreted by the receiving system","A text equivalent of the action to be performed. This provides a human-interpretable description of the action when the definition is consumed by a system that may not be capable of interpreting it dynamically.","","","","","","","","","",,,,,"",,,,"PlanDefinition.action.textEquivalent",0,1,"","","Definition.description"
"PlanDefinition.action.code","","","",0,*,"","","","CodeableConcept
","Code representing the meaning of the action or sub-actions","A code that provides meaning for the action or action group. For example, a section may have a LOINC code for a the section of a documentation template.","","","","","","","","","",,,,,"",,,,"PlanDefinition.action.code",0,*,"",""
"PlanDefinition.action.reason","","","",0,*,"","","","CodeableConcept
","Why the action should be performed","A description of why this action is necessary or appropriate.","This is different than the clinical evidence documentation, it's an actual business description of the reason for performing the action.","","","","","","","","",,,,,"",,,,"PlanDefinition.action.reason",0,*,"",""
"PlanDefinition.action.documentation","","","",0,*,"","","","RelatedArtifact
","Supporting documentation for the intended performer of the action","Didactic or other informational resources associated with the action that can be provided to the CDS recipient. Information resources can include inline text commentary and links to web resources.","","","","","","","","","",,,,,"",,,,"PlanDefinition.action.documentation",0,*,"",""
"PlanDefinition.action.goalId","","","",0,*,"","","","id
","What goals this action supports","Identifies goals that this action supports. The reference must be to a goal element defined within this plan definition.","","","","","","","","","",,,,,"",,,,"PlanDefinition.action.goalId",0,*,"",""
"PlanDefinition.action.triggerDefinition","","","",0,*,"","","","TriggerDefinition
","When the action should be triggered","A description of when the action should be triggered.","","","","","","","","","",,,,,"",,,,"PlanDefinition.action.triggerDefinition",0,*,"",""
"PlanDefinition.action.condition","","","",0,*,"","","","BackboneElement
","Whether or not the action is applicable","An expression that describes applicability criteria, or start/stop conditions for the action.","","","","","","","","","",,,,,"",,,,"PlanDefinition.action.condition",0,*,"","ele-1:All FHIR elements must have a @value or children {hasValue() | (children().count() > id.count())}
"
"PlanDefinition.action.condition.id","","","",0,1,"","","","string
","xml:id (or equivalent in JSON)","unique id for the element within a resource (for internal references). This may be any string value that does not contain spaces.","","","","","","","","","",,,,,"",,,,"Element.id",0,1,"","","n/a"
"PlanDefinition.action.condition.extension","","extensions
user content","",0,*,"","","","Extension
","Additional Content defined by implementations","May be used to represent additional information that is not part of the basic definition of the element. In order to make the use of extensions safe and manageable, there is a strict set of governance  applied to the definition and use of extensions. Though any implementer is allowed to define an extension, there is a set of requirements that SHALL be met as part of the definition of the extension.","There can be no stigma associated with the use of extensions by any application, project, or standard - regardless of the institution or jurisdiction that uses or defines the extensions.  The use of extensions is what allows the FHIR specification to retain a core level of simplicity for everyone.","","","","","","","","",,,,,"",,,,"Element.extension",0,*,"","","n/a"
"PlanDefinition.action.condition.modifierExtension","","extensions
user contentmodifiers","",0,*,"","Y","Y","Extension
","Extensions that cannot be ignored","May be used to represent additional information that is not part of the basic definition of the element, and that modifies the understanding of the element that contains it. Usually modifier elements provide negation or qualification. In order to make the use of extensions safe and manageable, there is a strict set of governance applied to the definition and use of extensions. Though any implementer is allowed to define an extension, there is a set of requirements that SHALL be met as part of the definition of the extension. Applications processing a resource are required to check for modifier extensions.","There can be no stigma associated with the use of extensions by any application, project, or standard - regardless of the institution or jurisdiction that uses or defines the extensions.  The use of extensions is what allows the FHIR specification to retain a core level of simplicity for everyone.","","","","","","","","",,,,,"",,,,"BackboneElement.modifierExtension",0,*,"","","N/A"
"PlanDefinition.action.condition.kind","","","",1,1,"","","","code
","applicability | start | stop","The kind of condition.","Applicability criteria are used to determine immediate applicability when a plan definition is applied to a given context. Start and stop criteria are carried through application and used to describe when enter/exit criteria for an action.","","","","","","","","",,"required","Defines the kinds of conditions that can appear on actions","http://hl7.org/fhir/ValueSet/action-condition-kind","",,,,"PlanDefinition.action.condition.kind",1,1,"",""
"PlanDefinition.action.condition.description","","","",0,1,"","","","string
","Natural language description of the condition","A brief, natural language description of the condition that effectively communicates the intended semantics.","","","","","","","","","",,,,,"",,,,"PlanDefinition.action.condition.description",0,1,"",""
"PlanDefinition.action.condition.language","","","",0,1,"","","","string
","Language of the expression","The media type of the language for the expression.","","","","","","","","","",,,,,"",,,,"PlanDefinition.action.condition.language",0,1,"",""
"PlanDefinition.action.condition.expression","","","",0,1,"","","","string
","Boolean-valued expression","An expression that returns true or false, indicating whether or not the condition is satisfied.","The expression may be inlined, or may be a reference to a named expression within a logic library referenced by the library element.","","","","","","","","",,,,,"",,,,"PlanDefinition.action.condition.expression",0,1,"",""
"PlanDefinition.action.input","","","",0,*,"","","","DataRequirement
","Input data requirements","Defines input data requirements for the action.","","","","","","","","","",,,,,"",,,,"PlanDefinition.action.input",0,*,"",""
"PlanDefinition.action.output","","","",0,*,"","","","DataRequirement
","Output data definition","Defines the outputs of the action, if any.","","","","","","","","","",,,,,"",,,,"PlanDefinition.action.output",0,*,"",""
"PlanDefinition.action.relatedAction","","","",0,*,"","","","BackboneElement
","Relationship to another action","A relationship to another action such as ""before"" or ""30-60 minutes after start of"".","When an action depends on multiple actions, the meaning is that all actions are dependencies, rather than that any of the actions are a dependency.","","","","","","","","",,,,,"",,,,"PlanDefinition.action.relatedAction",0,*,"","ele-1:All FHIR elements must have a @value or children {hasValue() | (children().count() > id.count())}
"
"PlanDefinition.action.relatedAction.id","","","",0,1,"","","","string
","xml:id (or equivalent in JSON)","unique id for the element within a resource (for internal references). This may be any string value that does not contain spaces.","","","","","","","","","",,,,,"",,,,"Element.id",0,1,"","","n/a"
"PlanDefinition.action.relatedAction.extension","","extensions
user content","",0,*,"","","","Extension
","Additional Content defined by implementations","May be used to represent additional information that is not part of the basic definition of the element. In order to make the use of extensions safe and manageable, there is a strict set of governance  applied to the definition and use of extensions. Though any implementer is allowed to define an extension, there is a set of requirements that SHALL be met as part of the definition of the extension.","There can be no stigma associated with the use of extensions by any application, project, or standard - regardless of the institution or jurisdiction that uses or defines the extensions.  The use of extensions is what allows the FHIR specification to retain a core level of simplicity for everyone.","","","","","","","","",,,,,"",,,,"Element.extension",0,*,"","","n/a"
"PlanDefinition.action.relatedAction.modifierExtension","","extensions
user contentmodifiers","",0,*,"","Y","Y","Extension
","Extensions that cannot be ignored","May be used to represent additional information that is not part of the basic definition of the element, and that modifies the understanding of the element that contains it. Usually modifier elements provide negation or qualification. In order to make the use of extensions safe and manageable, there is a strict set of governance applied to the definition and use of extensions. Though any implementer is allowed to define an extension, there is a set of requirements that SHALL be met as part of the definition of the extension. Applications processing a resource are required to check for modifier extensions.","There can be no stigma associated with the use of extensions by any application, project, or standard - regardless of the institution or jurisdiction that uses or defines the extensions.  The use of extensions is what allows the FHIR specification to retain a core level of simplicity for everyone.","","","","","","","","",,,,,"",,,,"BackboneElement.modifierExtension",0,*,"","","N/A"
"PlanDefinition.action.relatedAction.actionId","","","",1,1,"","","","id
","What action is this related to","The element id of the related action.","","","","","","","","","",,,,,"",,,,"PlanDefinition.action.relatedAction.actionId",1,1,"",""
"PlanDefinition.action.relatedAction.relationship","","","",1,1,"","","","code
","before-start | before | before-end | concurrent-with-start | concurrent | concurrent-with-end | after-start | after | after-end","The relationship of this action to the related action.","","","","","","","","","",,"required","Defines the types of relationships between actions","http://hl7.org/fhir/ValueSet/action-relationship-type","",,,,"PlanDefinition.action.relatedAction.relationship",1,1,"",""
"PlanDefinition.action.relatedAction.offset[x]","","","",0,1,"","","","Duration
Range","Time offset for the relationship","A duration or range of durations to apply to the relationship. For example, 30-60 minutes before.","","","","","","","","","",,,,,"",,,,"PlanDefinition.action.relatedAction.offset[x]",0,1,"",""
"PlanDefinition.action.timing[x]","","","",0,1,"Y","","","Timing
","When the action should take place","An optional value describing when the action should be performed.","","","","","","","","","",,,,,"",,,,"PlanDefinition.action.timing[x]",0,1,"",""
"PlanDefinition.action.timing[x].id","","","",0,1,"","","","string
","xml:id (or equivalent in JSON)","unique id for the element within a resource (for internal references). This may be any string value that does not contain spaces.","","","","","","","","","",,,,,"",,,,"Element.id",0,1,"","","n/a"
"PlanDefinition.action.timing[x].extension","","extensions
user content","",0,*,"","","","Extension
","Additional Content defined by implementations","May be used to represent additional information that is not part of the basic definition of the element. In order to make the use of extensions safe and manageable, there is a strict set of governance  applied to the definition and use of extensions. Though any implementer is allowed to define an extension, there is a set of requirements that SHALL be met as part of the definition of the extension.","There can be no stigma associated with the use of extensions by any application, project, or standard - regardless of the institution or jurisdiction that uses or defines the extensions.  The use of extensions is what allows the FHIR specification to retain a core level of simplicity for everyone.","","","","","","","","",,,,,"","value:url}
","Extensions are always sliced by (at least) url",,"open","Element.extension",0,*,"","","n/a"
"PlanDefinition.action.timing[x].event","","","",0,*,"","","Y","dateTime
","When the event occurs","Identifies specific times when the event occurs.","","In an MAR, for instance, you need to take a general specification, and turn it into a precise specification.","","","","","","","",,,,,"",,,,"Timing.event",0,*,"","","QLIST<TS>"
"PlanDefinition.action.timing[x].repeat","","","",0,1,"","","Y","Element
","When the event is to occur","A set of rules that describe when the event is scheduled.","","Many timing schedules are determined by regular repetitions.","","","","","","","",,,,,"",,,,"Timing.repeat",0,1,"","ele-1:All FHIR elements must have a @value or children {hasValue() | (children().count() > id.count())}
tim-9:If there's an offset, there must be a when (and not C, CM, CD, CV) {offset.empty() or (when.exists() and ((when in ('C' | 'CM' | 'CD' | 'CV')).not()))}tim-5:period SHALL be a non-negative value {period.exists() implies period >= 0}tim-6:If there's a periodMax, there must be a period {periodMax.empty() or period.exists()}tim-7:If there's a durationMax, there must be a duration {durationMax.empty() or duration.exists()}tim-8:If there's a countMax, there must be a count {countMax.empty() or count.exists()}tim-1:if there's a duration, there needs to be duration units {duration.empty() or durationUnit.exists()}tim-10:If there's a timeOfDay, there cannot be be a when, or vice versa {timeOfDay.empty() or when.empty()}tim-2:if there's a period, there needs to be period units {period.empty() or periodUnit.exists()}tim-4:duration SHALL be a non-negative value {duration.exists() implies duration >= 0}","Implies PIVL or EIVL"
"PlanDefinition.action.timing[x].repeat.id","","","",0,1,"","","","string
","xml:id (or equivalent in JSON)","unique id for the element within a resource (for internal references). This may be any string value that does not contain spaces.","","","","","","","","","",,,,,"",,,,"Element.id",0,1,"","","n/a"
"PlanDefinition.action.timing[x].repeat.extension","","extensions
user content","",0,*,"","","","Extension
","Additional Content defined by implementations","May be used to represent additional information that is not part of the basic definition of the element. In order to make the use of extensions safe and manageable, there is a strict set of governance  applied to the definition and use of extensions. Though any implementer is allowed to define an extension, there is a set of requirements that SHALL be met as part of the definition of the extension.","There can be no stigma associated with the use of extensions by any application, project, or standard - regardless of the institution or jurisdiction that uses or defines the extensions.  The use of extensions is what allows the FHIR specification to retain a core level of simplicity for everyone.","","","","","","","","",,,,,"","value:url}
","Extensions are always sliced by (at least) url",,"open","Element.extension",0,*,"","","n/a"
"PlanDefinition.action.timing[x].repeat.bounds[x]","","","",0,1,"","","Y","Duration
RangePeriod","Length/Range of lengths, or (Start and/or end) limits","Either a duration for the length of the timing schedule, a range of possible length, or outer bounds for start and/or end limits of the timing schedule.","","","","","","","","","",,,,,"",,,,"Timing.repeat.bounds[x]",0,1,"","","IVL(TS) used in a QSI"
"PlanDefinition.action.timing[x].repeat.count","","","",0,1,"","","Y","integer
","Number of times to repeat","A total count of the desired number of repetitions.","If you have both bounds and count, then this should be understood as within the bounds period, until count times happens.","Repetitions may be limited by end time or total occurrences.","","","","","","","",,,,,"",,,,"Timing.repeat.count",0,1,"","","PIVL.count"
"PlanDefinition.action.timing[x].repeat.countMax","","","",0,1,"","","Y","integer
","Maximum number of times to repeat","A maximum value for the count of the desired repetitions (e.g. do something 6-8 times).","","","","","","","","","",,,,,"",,,,"Timing.repeat.countMax",0,1,"","","PIVL.count"
"PlanDefinition.action.timing[x].repeat.duration","","","",0,1,"","","Y","decimal
","How long when it happens","How long this thing happens for when it happens.","For some events the duration is part of the definition of the event (e.g. IV infusions, where the duration is implicit in the specified quantity and rate). For others, it's part of the timing specification (e.g. exercise).","Some activities are not instantaneous and need to be maintained for a period of time.","","","","","","","",,,,,"",,,,"Timing.repeat.duration",0,1,"","","PIVL.phase"
"PlanDefinition.action.timing[x].repeat.durationMax","","","",0,1,"","","Y","decimal
","How long when it happens (Max)","The upper limit of how long this thing happens for when it happens.","For some events the duration is part of the definition of the event (e.g. IV infusions, where the duration is implicit in the specified quantity and rate). For others, it's part of the timing specification (e.g. exercise).","Some activities are not instantaneous and need to be maintained for a period of time.","","","","","","","",,,,,"",,,,"Timing.repeat.durationMax",0,1,"","","PIVL.phase"
"PlanDefinition.action.timing[x].repeat.durationUnit","","","",0,1,"","","Y","code
","s | min | h | d | wk | mo | a - unit of time (UCUM)","The units of time for the duration, in UCUM units.","","","","","","","","","",,"required","A unit of time (units from UCUM).","http://hl7.org/fhir/ValueSet/units-of-time","",,,,"Timing.repeat.durationUnit",0,1,"","","PIVL.phase.unit"
"PlanDefinition.action.timing[x].repeat.frequency","","","",0,1,"","","Y","integer
","Event occurs frequency times per period","The number of times to repeat the action within the specified period / period range (i.e. both period and periodMax provided).","","","<valueInteger xmlns=""http://hl7.org/fhir"" value=""1""/>","","","","","","",,,,,"",,,,"Timing.repeat.frequency",0,1,"","","PIVL.phase"
"PlanDefinition.action.timing[x].repeat.frequencyMax","","","",0,1,"","","Y","integer
","Event occurs up to frequencyMax times per period","If present, indicates that the frequency is a range - so to repeat between [frequency] and [frequencyMax] times within the period or period range.","","","","","","","","","",,,,,"",,,,"Timing.repeat.frequencyMax",0,1,"","","PIVL.phase"
"PlanDefinition.action.timing[x].repeat.period","","","",0,1,"","","Y","decimal
","Event occurs frequency times per period","Indicates the duration of time over which repetitions are to occur; e.g. to express ""3 times per day"", 3 would be the frequency and ""1 day"" would be the period.","","","","","","","","","",,,,,"",,,,"Timing.repeat.period",0,1,"","","PIVL.phase"
"PlanDefinition.action.timing[x].repeat.periodMax","","","",0,1,"","","Y","decimal
","Upper limit of period (3-4 hours)","If present, indicates that the period is a range from [period] to [periodMax], allowing expressing concepts such as ""do this once every 3-5 days.","","","","","","","","","",,,,,"",,,,"Timing.repeat.periodMax",0,1,"","","PIVL.phase"
"PlanDefinition.action.timing[x].repeat.periodUnit","","","",0,1,"","","Y","code
","s | min | h | d | wk | mo | a - unit of time (UCUM)","The units of time for the period in UCUM units.","","","","","","","","","",,"required","A unit of time (units from UCUM).","http://hl7.org/fhir/ValueSet/units-of-time","",,,,"Timing.repeat.periodUnit",0,1,"","","PIVL.phase.unit"
"PlanDefinition.action.timing[x].repeat.dayOfWeek","","","",0,*,"","","Y","code
","mon | tue | wed | thu | fri | sat | sun","If one or more days of week is provided, then the action happens only on the specified day(s).","If no days are specified, the action is assumed to happen every day as otherwise specified. The elements frequency and period cannot be used as well as dayOfWeek.","","","","","","","","",,"required","","http://hl7.org/fhir/ValueSet/days-of-week","",,,,"Timing.repeat.dayOfWeek",0,*,"","","n/a"
"PlanDefinition.action.timing[x].repeat.timeOfDay","","","",0,*,"","","Y","time
","Time of day for action","Specified time of day for action to take place.","When time of day is specified, it is inferred that the action happens every day (as filtered by dayofWeek) on the specified times. The elements when, frequency and period cannot be used as well as timeOfDay.","","","","","","","","",,,,,"",,,,"Timing.repeat.timeOfDay",0,*,"","","n/a"
"PlanDefinition.action.timing[x].repeat.when","","","",0,*,"","","Y","code
","Regular life events the event is tied to","Real world events that the occurrence of the event should be tied to.","When more than one event is listed, the event is tied to the union of the specified events.","Timings are frequently determined by occurrences such as waking, eating and sleep.","","","","","","","",,"required","Real world event relating to the schedule.","http://hl7.org/fhir/ValueSet/event-timing","",,,,"Timing.repeat.when",0,*,"","","EIVL.event"
"PlanDefinition.action.timing[x].repeat.offset","","","",0,1,"","","Y","unsignedInt
","Minutes from event (before or after)","The number of minutes from the event. If the event code does not indicate whether the minutes is before or after the event, then the offset is assumed to be after the event.","","","","","","","","","",,,,,"",,,,"Timing.repeat.offset",0,1,"","","EIVL.offset"
"PlanDefinition.action.timing[x].code","","","",1,1,"Y","","Y","CodeableConcept
","Reporting Timeframe","For a given condition within a jurisdiction, the mandated timeframe in which the condition should be reported to the PHA.","BID etc are defined as 'at institutionally specified times'. For example, an institution may choose that BID is ""always at 7am and 6pm"".  If it is inappropriate for this choice to be made, the code BID should not be used. Instead, a distinct organization-specific code should be used in place of the HL7-defined BID code and/or the a structured representation should be used (in this case, specifying the two event times).","","","","","","","","",,"extensible","Mandated timeframe in which the condition should be reported to the PHA","ValueSet/reporting-timeframe","",,,,"Timing.code",0,1,"","","RR.reportingTimeframe","QSC.code"
"PlanDefinition.action.participant","","","",0,*,"","","","BackboneElement
","Who should participate in the action","Indicates who should participate in performing the action described.","","","","","","","","","",,,,,"",,,,"PlanDefinition.action.participant",0,*,"","ele-1:All FHIR elements must have a @value or children {hasValue() | (children().count() > id.count())}
"
"PlanDefinition.action.participant.id","","","",0,1,"","","","string
","xml:id (or equivalent in JSON)","unique id for the element within a resource (for internal references). This may be any string value that does not contain spaces.","","","","","","","","","",,,,,"",,,,"Element.id",0,1,"","","n/a"
"PlanDefinition.action.participant.extension","","extensions
user content","",0,*,"","","","Extension
","Additional Content defined by implementations","May be used to represent additional information that is not part of the basic definition of the element. In order to make the use of extensions safe and manageable, there is a strict set of governance  applied to the definition and use of extensions. Though any implementer is allowed to define an extension, there is a set of requirements that SHALL be met as part of the definition of the extension.","There can be no stigma associated with the use of extensions by any application, project, or standard - regardless of the institution or jurisdiction that uses or defines the extensions.  The use of extensions is what allows the FHIR specification to retain a core level of simplicity for everyone.","","","","","","","","",,,,,"",,,,"Element.extension",0,*,"","","n/a"
"PlanDefinition.action.participant.modifierExtension","","extensions
user contentmodifiers","",0,*,"","Y","Y","Extension
","Extensions that cannot be ignored","May be used to represent additional information that is not part of the basic definition of the element, and that modifies the understanding of the element that contains it. Usually modifier elements provide negation or qualification. In order to make the use of extensions safe and manageable, there is a strict set of governance applied to the definition and use of extensions. Though any implementer is allowed to define an extension, there is a set of requirements that SHALL be met as part of the definition of the extension. Applications processing a resource are required to check for modifier extensions.","There can be no stigma associated with the use of extensions by any application, project, or standard - regardless of the institution or jurisdiction that uses or defines the extensions.  The use of extensions is what allows the FHIR specification to retain a core level of simplicity for everyone.","","","","","","","","",,,,,"",,,,"BackboneElement.modifierExtension",0,*,"","","N/A"
"PlanDefinition.action.participant.type","","","",1,1,"","","","code
","patient | practitioner | related-person","The type of participant in the action.","","","","","","","","","",,"required","The type of participant for the action","http://hl7.org/fhir/ValueSet/action-participant-type","",,,,"PlanDefinition.action.participant.type",1,1,"",""
"PlanDefinition.action.participant.role","","","",0,1,"","","","CodeableConcept
","E.g. Nurse, Surgeon, Parent, etc","The role the participant should play in performing the described action.","","","","","","","","","",,"example","Defines roles played by participants for the action","http://hl7.org/fhir/ValueSet/action-participant-role","",,,,"PlanDefinition.action.participant.role",0,1,"",""
"PlanDefinition.action.type","","","",0,1,"","","","Coding
","create | update | remove | fire-event","The type of action to perform (create, update, remove).","","","","","","","","","",,"required","The type of action to be performed","http://hl7.org/fhir/ValueSet/action-type","",,,,"PlanDefinition.action.type",0,1,"",""
"PlanDefinition.action.groupingBehavior","","","",0,1,"","","","code
","visual-group | logical-group | sentence-group","Defines the grouping behavior for the action and its children.","","","","","","","","","",,"required","Defines organization behavior of a group","http://hl7.org/fhir/ValueSet/action-grouping-behavior","",,,,"PlanDefinition.action.groupingBehavior",0,1,"",""
"PlanDefinition.action.selectionBehavior","","","",0,1,"","","","code
","any | all | all-or-none | exactly-one | at-most-one | one-or-more","Defines the selection behavior for the action and its children.","","","","","","","","","",,"required","Defines selection behavior of a group","http://hl7.org/fhir/ValueSet/action-selection-behavior","",,,,"PlanDefinition.action.selectionBehavior",0,1,"",""
"PlanDefinition.action.requiredBehavior","","","",0,1,"","","","code
","must | could | must-unless-documented","Defines the requiredness behavior for the action.","","","","","","","","","",,"required","Defines requiredness behavior for selecting an action or an action group","http://hl7.org/fhir/ValueSet/action-required-behavior","",,,,"PlanDefinition.action.requiredBehavior",0,1,"",""
"PlanDefinition.action.precheckBehavior","","","",0,1,"","","","code
","yes | no","Defines whether the action should usually be preselected.","","","","","","","","","",,"required","Defines selection frequency behavior for an action or group","http://hl7.org/fhir/ValueSet/action-precheck-behavior","",,,,"PlanDefinition.action.precheckBehavior",0,1,"",""
"PlanDefinition.action.cardinalityBehavior","","","",0,1,"","","","code
","single | multiple","Defines whether the action can be selected multiple times.","","","","","","","","","",,"required","Defines behavior for an action or a group for how many times that item may be repeated","http://hl7.org/fhir/ValueSet/action-cardinality-behavior","",,,,"PlanDefinition.action.cardinalityBehavior",0,1,"",""
"PlanDefinition.action.definition","","","",0,1,"","","","Reference {http://hl7.org/fhir/StructureDefinition/ActivityDefinition}
Reference {http://hl7.org/fhir/StructureDefinition/PlanDefinition}","Description of the activity to be performed","A reference to an ActivityDefinition that describes the action to be taken in detail, or a PlanDefinition that describes a series of actions to be taken.","Note that the definition is optional, and if no definition is specified, a dynamicValue with a root (~) path can be used to define the entire resource dynamically.","","","","","","","","",,,,,"",,,,"PlanDefinition.action.definition",0,1,"","","Definition.definition"
"PlanDefinition.action.transform","","","",0,1,"","","","Reference {http://hl7.org/fhir/StructureDefinition/StructureMap}
","Transform to apply the template","A reference to a StructureMap resource that defines a transform that can be executed to produce the intent resource using the ActivityDefinition instance as the input.","","","","","","","","","",,,,,"",,,,"PlanDefinition.action.transform",0,1,"",""
"PlanDefinition.action.dynamicValue","","","",0,*,"","","","BackboneElement
","Dynamic aspects of the definition","Customizations that should be applied to the statically defined resource. For example, if the dosage of a medication must be computed based on the patient's weight, a customization would be used to specify an expression that calculated the weight, and the path on the resource that would contain the result.","","","","","","","","","",,,,,"",,,,"PlanDefinition.action.dynamicValue",0,*,"","ele-1:All FHIR elements must have a @value or children {hasValue() | (children().count() > id.count())}
"
"PlanDefinition.action.dynamicValue.id","","","",0,1,"","","","string
","xml:id (or equivalent in JSON)","unique id for the element within a resource (for internal references). This may be any string value that does not contain spaces.","","","","","","","","","",,,,,"",,,,"Element.id",0,1,"","","n/a"
"PlanDefinition.action.dynamicValue.extension","","extensions
user content","",0,*,"","","","Extension
","Additional Content defined by implementations","May be used to represent additional information that is not part of the basic definition of the element. In order to make the use of extensions safe and manageable, there is a strict set of governance  applied to the definition and use of extensions. Though any implementer is allowed to define an extension, there is a set of requirements that SHALL be met as part of the definition of the extension.","There can be no stigma associated with the use of extensions by any application, project, or standard - regardless of the institution or jurisdiction that uses or defines the extensions.  The use of extensions is what allows the FHIR specification to retain a core level of simplicity for everyone.","","","","","","","","",,,,,"",,,,"Element.extension",0,*,"","","n/a"
"PlanDefinition.action.dynamicValue.modifierExtension","","extensions
user contentmodifiers","",0,*,"","Y","Y","Extension
","Extensions that cannot be ignored","May be used to represent additional information that is not part of the basic definition of the element, and that modifies the understanding of the element that contains it. Usually modifier elements provide negation or qualification. In order to make the use of extensions safe and manageable, there is a strict set of governance applied to the definition and use of extensions. Though any implementer is allowed to define an extension, there is a set of requirements that SHALL be met as part of the definition of the extension. Applications processing a resource are required to check for modifier extensions.","There can be no stigma associated with the use of extensions by any application, project, or standard - regardless of the institution or jurisdiction that uses or defines the extensions.  The use of extensions is what allows the FHIR specification to retain a core level of simplicity for everyone.","","","","","","","","",,,,,"",,,,"BackboneElement.modifierExtension",0,*,"","","N/A"
"PlanDefinition.action.dynamicValue.description","","","",0,1,"","","","string
","Natural language description of the dynamic value","A brief, natural language description of the intended semantics of the dynamic value.","","","","","","","","","",,,,,"",,,,"PlanDefinition.action.dynamicValue.description",0,1,"",""
"PlanDefinition.action.dynamicValue.path","","","",0,1,"","","","string
","The path to the element to be set dynamically","The path to the element to be customized. This is the path on the resource that will hold the result of the calculation defined by the expression.","","","","","","","","","",,,,,"",,,,"PlanDefinition.action.dynamicValue.path",0,1,"",""
"PlanDefinition.action.dynamicValue.language","","","",0,1,"","","","string
","Language of the expression","The media type of the language for the expression.","","","","","","","","","",,,,,"",,,,"PlanDefinition.action.dynamicValue.language",0,1,"",""
"PlanDefinition.action.dynamicValue.expression","","","",0,1,"","","","string
","An expression that provides the dynamic value for the customization","An expression specifying the value of the customized element.","The expression may be inlined, or may be a reference to a named expression within a logic library referenced by the library element.","","","","","","","","",,,,,"",,,,"PlanDefinition.action.dynamicValue.expression",0,1,"",""
"PlanDefinition.action.action","","","",0,*,"","","","","A sub-action","Sub actions that are contained within the action. The behavior of this action determines the functionality of the sub-actions. For example, a selection behavior of at-most-one indicates that of the sub-actions, at most one may be chosen as part of realizing the action definition.","","","","","","","","","",,,,,"",,,,"PlanDefinition.action.action",0,*,"","","InverseRelationship of Definition.partOf"
